{"cameraMode":{"drawMode":0,"name":"Shaded","section":"Shading Mode"},"sceneLighting":false,"audioPlay":false,"sceneViewState":{"m_AlwaysRefresh":false,"showFog":true,"showSkybox":false,"showFlares":true,"showImageEffects":true,"showParticleSystems":true,"showVisualEffectGraphs":true,"m_FxEnabled":true},"in2DMode":false,"pivot":{"x":-1.9966826438903809,"y":-0.32931390404701235,"z":14.242472648620606},"rotation":{"x":0.15316328406333924,"y":0.4167008399963379,"z":-0.07142525911331177,"w":0.893230140209198},"size":12.736063957214356,"orthographic":false}