{"cameraMode":{"drawMode":0,"name":"Shaded","section":"Shading Mode"},"sceneLighting":true,"audioPlay":false,"sceneViewState":{"m_AlwaysRefresh":false,"showFog":true,"showSkybox":true,"showFlares":true,"showImageEffects":true,"showParticleSystems":true,"showVisualEffectGraphs":true,"m_FxEnabled":true},"in2DMode":false,"pivot":{"x":0.5585508346557617,"y":-15.179527282714844,"z":43.4388427734375},"rotation":{"x":0.3240717351436615,"y":0.04026483744382858,"z":-0.01373035367578268,"w":0.9451928734779358},"size":30.260025024414064,"orthographic":false}