{"cameraMode":{"drawMode":0,"name":"Shaded","section":"Shading Mode"},"sceneLighting":true,"audioPlay":false,"sceneViewState":{"m_AlwaysRefresh":false,"showFog":true,"showSkybox":true,"showFlares":true,"showImageEffects":true,"showParticleSystems":true,"showVisualEffectGraphs":true,"m_FxEnabled":true},"in2DMode":false,"pivot":{"x":10.206526756286621,"y":3.714183807373047,"z":-1.4616187810897828},"rotation":{"x":-0.12889058887958527,"y":0.2709197998046875,"z":-0.03663301095366478,"w":-0.9532414674758911},"size":11.411661148071289,"orthographic":true}