{"cameraMode":{"drawMode":0,"name":"Shaded","section":"Shading Mode"},"sceneLighting":true,"audioPlay":false,"sceneViewState":{"m_AlwaysRefresh":false,"showFog":true,"showSkybox":true,"showFlares":true,"showImageEffects":true,"showParticleSystems":true,"showVisualEffectGraphs":true,"m_FxEnabled":true},"in2DMode":false,"pivot":{"x":3.6635894775390627,"y":-22.94605827331543,"z":42.899139404296878},"rotation":{"x":0.32285284996032717,"y":0.12700334191322328,"z":-0.04360957443714142,"w":0.9369770288467407},"size":32.489139556884769,"orthographic":false}