{"cameraMode":{"drawMode":0,"name":"Shaded","section":"Shading Mode"},"sceneLighting":true,"audioPlay":false,"sceneViewState":{"m_AlwaysRefresh":false,"showFog":true,"showSkybox":true,"showFlares":true,"showImageEffects":true,"showParticleSystems":true,"showVisualEffectGraphs":true,"m_FxEnabled":true},"in2DMode":false,"pivot":{"x":117.95462036132813,"y":-115.8012466430664,"z":169.83888244628907},"rotation":{"x":-0.24520041048526765,"y":-0.30556151270866396,"z":0.08070247620344162,"w":-0.9169098734855652},"size":123.66027069091797,"orthographic":false}