{"cameraMode":{"drawMode":0,"name":"Shaded","section":"Shading Mode"},"sceneLighting":false,"audioPlay":false,"sceneViewState":{"m_AlwaysRefresh":false,"showFog":true,"showSkybox":false,"showFlares":true,"showImageEffects":true,"showParticleSystems":true,"showVisualEffectGraphs":true,"m_FxEnabled":true},"in2DMode":false,"pivot":{"x":-13.101868629455567,"y":5.958649635314941,"z":3.7918882369995119},"rotation":{"x":0.027330493554472925,"y":0.8549538850784302,"z":-0.5163140296936035,"w":0.044879935681819919},"size":3.3139326572418215,"orthographic":false}